Sample_ID,Normal_Rainfall_mm,Actual_Rainfall_mm,AIS_Predicted_Rainfall_mm,AIS_Absolute_Error_mm,AIS_Percentage_Error
1,586.74,591.48,595.273,3.793010253906232,0.6412744731700534
2,589.8755511022044,595.5378573402253,598.10266,2.564803792587213,0.43067015152354365
3,600.8499799599199,609.682815923451,608.4851,1.1977085015760167,0.19644780372592877
4,603.9855310621242,613.6698642733253,611.5018,2.168094253794038,0.35329977566380555
5,610.2566332665331,621.5136333145285,617.5352,3.9784160293722834,0.6401172582740324
6,614.9599599198397,627.2499738319827,622.0603,5.189671097607743,0.8273688822819888
7,621.2310621242485,634.6555318856497,628.0936,6.56190395596218,1.0339315780429508
8,633.7732665330661,648.4594889881712,640.1605,8.298966527233688,1.2797972222109117
9,638.4765931863727,653.2488666319452,644.6856,8.563258721788998,1.3108723427167805
10,647.883246492986,662.1652653064782,653.7357,8.429547533040704,1.2730277431781554
11,658.8576753507014,671.4966506984797,664.2942,7.202461245354698,1.0725982382581978
12,672.9676553106212,682.0978309824412,677.8694,4.228446216816224,0.6199178511865219
13,685.5098597194389,690.7215282435388,689.9362,0.7853099818200917,0.11369415165284992
14,693.3487374749499,696.0192633041717,697.47797,1.458703004422091,0.2095779644800742
15,694.9165130260521,697.0888692087154,698.9863,1.8974589162845632,0.2721975633377163
16,696.4842885771543,698.1649482844952,700.4947,2.3297416569110965,0.3336950190117179
17,699.6198396793587,700.341797360012,703.5114,3.1696162142067124,0.45258132902459985
18,701.1876152304609,701.4451642388389,705.0198,3.5746111517861436,0.5096066426896066
19,704.3231663326653,703.6881225361873,708.0365,4.348376487250221,0.6179408672663229
20,705.8909418837675,704.8301748317514,709.5448,4.714624972936122,0.6689022606135642
21,707.4587174348698,705.987533745028,711.0531,5.065566840909469,0.7175150549809752
22,709.0264929859719,707.1613507927173,712.5615,5.400172644782742,0.7636408068299023
23,710.5942685370742,708.352740234594,714.0699,5.717145019312284,0.807104242643131
24,715.2975951903808,712.0428635513899,718.5949,6.552046116578822,0.920175800077511
25,718.4331462925852,714.6092898328704,721.61163,7.002343467910805,0.9798841923183619
26,721.5686973947895,717.2689092112836,724.6283,7.359386687153915,1.0260289540845113
27,727.8397995991984,722.8905751227479,730.66174,7.771168041314581,1.0750130529776274
28,732.543126252505,727.3885320936591,735.18677,7.798235484465863,1.0720866690075552
29,745.0853306613226,740.6192466425699,747.25366,6.6344154668050805,0.8957930133304939
30,749.7886573146293,746.0390442741957,751.7897,5.750628577366797,0.7708213962127748
31,781.1441683366734,787.0085879440311,786.1944,0.8141909713748419,0.10345388650736603
32,792.1185971943887,802.2262599832604,798.94214,3.2841213113854337,0.4093759423250445
33,818.7707815631262,836.7897544788449,829.90265,6.887105553063634,0.8230389433189158
34,828.1774348697395,847.3313347896902,840.83044,6.5008904537527314,0.767219408375387
35,829.7452104208417,848.9810774188841,842.65173,6.32934402044657,0.7455223901679137
36,856.3973947895792,872.2539615686112,870.5989,1.655084615486203,0.18974801931650667
37,857.9651703406814,873.3667911301914,871.64813,1.7186588059726091,0.19678545411012904
38,868.9395991983968,880.573996830668,878.99286,1.5811379439492157,0.1795576464487929
39,872.0751503006012,882.4864346484471,881.0914,1.3950650195408798,0.15808345202457721
40,876.7784769539078,885.2778273853206,884.2391,1.0387526782893701,0.11733634867568518
41,889.3206813627255,892.5837459741629,892.58075,0.0029964624441163323,0.00033570658861214233
42,890.8884569138277,893.5135199845823,893.6056,0.09207083573016916,0.01030435843116933
43,906.5662124248497,903.5917602701952,903.8762,0.28446043292979084,0.031481078672599944
44,914.4050901803607,909.4584998828566,909.4468,0.011722539106585828,0.0012889581116780763
45,917.540641282565,912.0091453007674,911.96893,0.04021219529863629,0.0044091877264426866
46,959.8705811623247,959.68028129717,960.1282,0.4478925309549595,0.04667101530413411
47,997.4971943887775,1014.4366295464594,1015.03015,0.5935218207281423,0.058507530528890475
48,1006.9038476953908,1027.2594159539447,1028.6665,1.4070879523053463,0.13697493840917305
49,1021.0138276553106,1044.435545915216,1044.573,0.13745213165907444,0.013160422603065292
50,1022.5816032064129,1046.1637656485555,1046.2837,0.11992575769454561,0.011463382850026278
51,1025.7171543086172,1049.5042011463943,1049.52,0.01581838485572007,0.0015072245388290332
52,1041.3949098196392,1063.8543594345258,1064.4883,0.6339218154741957,0.059587274315550706
53,1063.3437675350701,1078.1456037903986,1078.6847,0.5390885924139184,0.0500014645998336
54,1075.8859719438879,1084.4751319127154,1085.7,1.2248192591596307,0.11294120290240194
55,1082.1570741482965,1087.5240344921062,1089.2076,1.6836071094562612,0.15481102541724853
56,1083.7248496993989,1088.2966013738262,1090.0845,1.7878712824237937,0.16428161956647203
57,1089.9959519038075,1091.4903907381074,1093.6254,2.1349754728300923,0.19560185696058585
58,1093.131503006012,1093.17765749434,1095.4791,2.30146848222239,0.21053014269405754
59,1094.6992785571142,1094.0507245736303,1096.4061,2.355403356057195,0.21529196984674867
60,1108.8092585170339,1103.1079054871277,1104.7482,1.6402634581847906,0.14869474237522187
61,1110.3770340681363,1104.2759334700872,1105.675,1.3991153580377613,0.12669979627656722
62,1113.5125851703406,1106.7245665705648,1107.5288,0.8042420231852248,0.0726686700085957
63,1121.3514629258516,1113.5455912858595,1113.0386,0.5070170671094729,0.045531774457837716
64,1130.758116232465,1123.1297273145988,1123.8667,0.7369719041512326,0.06561770080766459
65,1138.596993987976,1132.2933664306993,1134.4226,2.1292409911757204,0.18804676016849545
66,1144.8680961923847,1140.352262843171,1143.4752,3.1229568833914527,0.27385896315978486
67,1152.7069739478957,1151.2314048619444,1154.791,3.559610763055616,0.30920028310750297
68,1154.274749498998,1153.5010742785764,1157.0541,3.553002869861075,0.3080190343197727
69,1168.3847294589177,1174.9444920600426,1177.4224,2.4778712212073515,0.21089261986009855
70,1173.0880561122244,1182.3415407414755,1184.2119,1.8703733210245446,0.15819230371044796
71,1177.7913827655311,1189.7650878039924,1191.0013,1.236254969445099,0.10390748410065682
72,1184.0624849699398,1199.5983953304974,1200.054,0.45555974762760343,0.037976021758689804
73,1188.7658116232465,1206.8460280555164,1206.8434,0.0026442664538990357,0.0002191055356215993
74,1195.036913827655,1216.2288207921508,1215.896,0.3328246984008274,0.027365302705460715
75,1199.7402404809618,1222.9852324982603,1222.6854,0.29980769357280224,0.02451441649547708
76,1204.4435671342685,1229.4470427945762,1229.4749,0.027810721048808773,0.002262051156395808
77,1223.2568737474949,1251.6286601630322,1245.1389,6.489744147407237,0.5185039583994432
78,1226.3924248496992,1254.69014096893,1247.5125,7.177689797055109,0.5720687174215111
79,1227.9602004008016,1256.1504248799968,1248.6992,7.451206129996763,0.593177853735837
80,1229.5279759519037,1257.5639457917061,1249.886,7.677959463581146,0.6105422701783523
81,1235.7990781563126,1262.7582953430167,1254.6332,8.125116632079198,0.6434419525925256
82,1237.3668537074147,1263.9449564123518,1255.82,8.125010123289258,0.642829427188959
83,1262.45126252505,1277.9862768790654,1274.8083,3.1779272696903718,0.2486667757850342
84,1273.4256913827653,1282.3806466403616,1283.1157,0.7350760158883531,0.05732120317115969
85,1276.5612424849699,1283.6085093315749,1285.4893,1.8807484809251491,0.14652041235723254
86,1292.238997995992,1290.488427495425,1297.357,6.868628168637542,0.5322502722452266
87,1293.806773547094,1291.299773630836,1298.5438,7.2440496113515565,0.5609889941344113
88,1300.077875751503,1294.8750802681398,1303.291,8.415935356860246,0.6499418735525818
89,1309.484529058116,1301.4165019639315,1310.4595,9.042970692318477,0.6948560033372853
90,1315.755631262525,1306.6885169370407,1315.3491,8.660604156709269,0.6627902552484555
91,1326.7300601202405,1317.830920025315,1323.9103,6.079358294997519,0.4613154997820765
92,1331.433386773547,1323.3614299859034,1327.5792,4.217793646909058,0.31871819378580396
93,1334.5689378757515,1327.2923450064193,1330.0253,2.732923548268218,0.20590215550855157
94,1343.9755911823645,1340.171768919533,1337.3634,2.8083655992204513,0.20955266066264017
95,1347.111142284569,1344.7914682493113,1339.8094,4.982020007123765,0.37046784759941287
96,1354.95002004008,1356.9235092376039,1345.9246,10.998948690728866,0.8105798606812181
97,1356.5177955911822,1359.4333499841207,1347.1476,12.285766976308196,0.9037417668509974
98,1361.221122244489,1367.0889045959077,1350.8167,16.272254205282707,1.1902850027220837
99,1362.788897795591,1369.6746826263907,1352.0396,17.635131845140677,1.2875416380862645
100,1365.9244488977956,1374.8820684791351,1354.4856,20.396472776010114,1.4835070762521656
